- name: Rajiv Gandhi
  pic: rajiv.jpg
  email: rajiv@seas
  extra_title: Instructor
  office_hours:

- name: David Xu
  pic: david_xu.jpg
  extra_title: Head TA
  email: davix@seas
  lab: 206 (Monday 5--6)
  office_hours: Wednesday 7--9

- name: Fifi Yeung
  pic: fifi.png
  email: eyeung@seas
  extra_title: Head TA
  lab: 205 (Monday 4--5)
  office_hours: Monday 6--8

- name: Trevin Gandhi
  pic: trevin.jpg
  email: gandhit@seas
  lab: 201 (Monday 12--1)
  office_hours: Thursday 8--10

- name: Wenli Zhao
  pic: wenli.jpg
  email: wenliz@seas
  lab: 202 (Monday 1--2)
  office_hours: Thursday 6--8

- name: David Freifelder
  pic: david_freifelder.jpg
  email: dfrei@seas
  lab: 203 (Monday 2--3)
  office_hours: Wednesday 8--10

- name: JT Cho
  pic: jt.jpg
  email: joncho@seas
  lab: 204 (Monday 3--4)
  office_hours: Wednesday 6--8

- name: John Hewitt
  pic: john.jpg
  email: johnhew@seas
  lab: 207 (Tuesday 2--3)
  office_hours: Tuesday 8--10

- name: Kevin Huo
  pic: kevin.jpg
  email: kevinhuo@seas
  lab: 208 (Tuesday 3--4)
  office_hours: Tuesday 6--8

- name: Rachel Qiao Han
  pic: rachel.jpg
  email: hanqiao@seas
  lab: 209 (Tuesday 4--5)
  office_hours: Sunday 6--8

- name: Carolina Zheng
  pic: carolina.jpg
  email: carzheng@seas
  lab: 210 (Tuesday 5-6)
  office_hours: Tuesday 8--10

- name: Benson Chen
  pic: benson.jpg
  email: bensonc@seas
  lab: 211 (Tuesday 6--7)
  office_hours: Thursday 6--8

- name: Veronica Wharton
  pic: veronica.jpg
  email: whartonv@seas
  lab: 212 (Monday 6--7)
  office_hours: Thursday 8--10

- name: Jim (Quanze) Chen
  pic: jim.jpg
  email: cquanze@seas
  office_hours: Monday 8--10

- name: Natasha Narang
  pic: natasha.jpg
  email: nnarang@seas
  office_hours: Thursday 8--10

- name: Anna O'Malley
  pic: anna.jpg
  email: omalleya@seas
  office_hours: Monday 6--8

- name: Amit Patel
  pic: amit.jpg
  email: amitpate@seas
  office_hours: Tuesday 6--8

- name: Ben Sandler
  pic: ben.jpg
  email: sandlerb@seas
  office_hours: Monday 8--10

- name: Ian Sibner
  pic: ian.jpg
  email: isibner@seas
  office_hours: Wednesday 8--10

- name: Angela Sun
  pic: angela.jpg
  email: anges@wharton
  office_hours: Tuesday 7--9

- name: Fan Yin
  pic: fan.jpeg
  email: fanyin@seas
  office_hours: Wednesday 8--10

- name: Daniel Zhang
  pic: daniel.jpg
  email: danielzh@sas
  office_hours: Wednesday 6--8
